beta,gamma,mu,N,sigma
0.4,0.1,0.3,10000,0.0714285714285714
0.8,0.1,0.3,10000,0.0714285714285714
1.2,0.1,0.3,10000,0.0714285714285714
0.4,0.05,0.3,10000,0.0714285714285714
0.8,0.05,0.3,10000,0.0714285714285714
1.2,0.05,0.3,10000,0.0714285714285714
0.4,0.1,0.0333333333333333,10000,0.0714285714285714
0.8,0.1,0.0333333333333333,10000,0.0714285714285714
1.2,0.1,0.0333333333333333,10000,0.0714285714285714
